,worker,time
0,tcp://10.201.2.141:38865,1713225401.7718115
1,tcp://10.201.2.141:42477,1713225401.7733228
2,tcp://10.201.2.141:34351,1713225401.7743974
3,tcp://10.201.2.141:36055,1713225401.7753904
